team,elo
Spain,2282
Argentina,2175
France,2088
England,2144
Portugal,2055
Colombia,1985
Brazil,2001
Netherlands,1974
Germany,1895
Norway,1900
Croatia,1861
Japan,1897
Ecuador,1849
Mexico,1890
Belgium,1972
Uruguay,1850
Switzerland,1972
Senegal,1805
Turkey,1781
Morocco,1896
Australia,1786
Austria,1841
Scotland,1746
South Korea,1722
Paraguay,1836
United States,1786
Algeria,1743
Canada,1745
Iran,1738
Sweden,1759
Ivory Coast,1723
Panama,1654
Uzbekistan,1653
Czechia,1658
Egypt,1716
Jordan,1622
DR Congo,1693
Bosnia and Herzegovina,1655
Iraq,1546
Cape Verde,1560
Saudi Arabia,1621
Tunisia,1533
New Zealand,1559
Haiti,1563
South Africa,1595
Ghana,1512
Qatar,1469
Curaçao,1491
